date_value,course_id,weekly_course_active,weekly_course_retained_learners,weekly_course_progressed_learners,weekly_course_passed_learners
2016-01-01,7A1yFTaREeWWBQrVFXqd,1,0,0,1
2016-01-01,GdeNrll1EeSROyIACtiV,1,0,1,0
2016-01-01,RMFRum1BEeWXrA6ju0fv,0,0,0,0
2016-01-02,7A1yFTaREeWWBQrVFXqd,1,0,0,1
2016-01-02,GdeNrll1EeSROyIACtiV,1,0,1,0
2016-01-02,RMFRum1BEeWXrA6ju0fv,0,0,0,0
2016-01-03,7A1yFTaREeWWBQrVFXqd,4,0,1,3
2016-01-03,GdeNrll1EeSROyIACtiV,4,0,1,0
2016-01-03,RMFRum1BEeWXrA6ju0fv,0,0,0,0
2016-01-04,7A1yFTaREeWWBQrVFXqd,6,0,3,3
2016-01-04,GdeNrll1EeSROyIACtiV,8,0,2,3
2016-01-04,RMFRum1BEeWXrA6ju0fv,1,0,0,0
2016-01-05,7A1yFTaREeWWBQrVFXqd,6,0,3,3
2016-01-05,GdeNrll1EeSROyIACtiV,10,0,2,4
2016-01-05,RMFRum1BEeWXrA6ju0fv,3,0,1,0
2016-01-06,7A1yFTaREeWWBQrVFXqd,7,0,3,3
2016-01-06,GdeNrll1EeSROyIACtiV,11,0,2,4
2016-01-06,RMFRum1BEeWXrA6ju0fv,6,0,1,4
2016-01-07,7A1yFTaREeWWBQrVFXqd,7,0,3,4
2016-01-07,GdeNrll1EeSROyIACtiV,12,0,2,5
2016-01-07,RMFRum1BEeWXrA6ju0fv,6,0,1,5
2016-01-08,7A1yFTaREeWWBQrVFXqd,10,1,4,4
2016-01-08,GdeNrll1EeSROyIACtiV,12,1,1,7
2016-01-08,RMFRum1BEeWXrA6ju0fv,6,0,1,5
2016-01-09,7A1yFTaREeWWBQrVFXqd,10,1,4,4
2016-01-09,GdeNrll1EeSROyIACtiV,12,1,1,7
2016-01-09,RMFRum1BEeWXrA6ju0fv,8,0,1,7
2016-01-10,7A1yFTaREeWWBQrVFXqd,8,4,3,2
2016-01-10,GdeNrll1EeSROyIACtiV,10,4,1,7
2016-01-10,RMFRum1BEeWXrA6ju0fv,8,0,1,7
2016-01-11,7A1yFTaREeWWBQrVFXqd,7,6,1,3
2016-01-11,GdeNrll1EeSROyIACtiV,9,8,0,6
2016-01-11,RMFRum1BEeWXrA6ju0fv,10,1,1,8
2016-01-12,7A1yFTaREeWWBQrVFXqd,8,6,1,4
2016-01-12,GdeNrll1EeSROyIACtiV,8,10,0,5
2016-01-12,RMFRum1BEeWXrA6ju0fv,10,3,0,8
2016-01-13,7A1yFTaREeWWBQrVFXqd,9,7,2,4
2016-01-13,GdeNrll1EeSROyIACtiV,8,11,0,5
2016-01-13,RMFRum1BEeWXrA6ju0fv,9,6,0,4
2016-01-14,7A1yFTaREeWWBQrVFXqd,10,7,2,4
2016-01-14,GdeNrll1EeSROyIACtiV,8,12,0,5
2016-01-14,RMFRum1BEeWXrA6ju0fv,8,6,0,3
2016-01-15,7A1yFTaREeWWBQrVFXqd,12,10,2,5
2016-01-15,GdeNrll1EeSROyIACtiV,10,12,1,4
2016-01-15,RMFRum1BEeWXrA6ju0fv,7,6,0,3
2016-01-16,7A1yFTaREeWWBQrVFXqd,12,10,2,5
2016-01-16,GdeNrll1EeSROyIACtiV,10,12,1,5
2016-01-16,RMFRum1BEeWXrA6ju0fv,8,8,0,3
2016-01-17,7A1yFTaREeWWBQrVFXqd,14,8,4,5
2016-01-17,GdeNrll1EeSROyIACtiV,11,10,1,5
2016-01-17,RMFRum1BEeWXrA6ju0fv,9,8,0,5
2016-01-18,7A1yFTaREeWWBQrVFXqd,14,7,4,4
2016-01-18,GdeNrll1EeSROyIACtiV,12,9,1,3
2016-01-18,RMFRum1BEeWXrA6ju0fv,8,10,0,4
2016-01-19,7A1yFTaREeWWBQrVFXqd,14,8,5,3
2016-01-19,GdeNrll1EeSROyIACtiV,11,8,1,4
2016-01-19,RMFRum1BEeWXrA6ju0fv,7,10,0,5
2016-01-20,7A1yFTaREeWWBQrVFXqd,13,9,4,5
2016-01-20,GdeNrll1EeSROyIACtiV,12,8,1,6
2016-01-20,RMFRum1BEeWXrA6ju0fv,9,9,0,5
2016-01-21,7A1yFTaREeWWBQrVFXqd,13,10,4,4
2016-01-21,GdeNrll1EeSROyIACtiV,12,8,1,6
2016-01-21,RMFRum1BEeWXrA6ju0fv,10,8,0,7
2016-01-22,7A1yFTaREeWWBQrVFXqd,12,12,3,2
2016-01-22,GdeNrll1EeSROyIACtiV,11,10,0,6
2016-01-22,RMFRum1BEeWXrA6ju0fv,9,7,0,7
2016-01-23,7A1yFTaREeWWBQrVFXqd,12,12,3,2
2016-01-23,GdeNrll1EeSROyIACtiV,9,10,0,5
2016-01-23,RMFRum1BEeWXrA6ju0fv,9,8,0,5
2016-01-24,7A1yFTaREeWWBQrVFXqd,10,14,1,2
2016-01-24,GdeNrll1EeSROyIACtiV,8,11,0,5
2016-01-24,RMFRum1BEeWXrA6ju0fv,9,9,0,3
2016-01-25,7A1yFTaREeWWBQrVFXqd,10,14,1,3
2016-01-25,GdeNrll1EeSROyIACtiV,9,12,0,6
2016-01-25,RMFRum1BEeWXrA6ju0fv,10,8,0,3
2016-01-26,7A1yFTaREeWWBQrVFXqd,7,14,0,3
2016-01-26,GdeNrll1EeSROyIACtiV,10,11,1,6
2016-01-26,RMFRum1BEeWXrA6ju0fv,12,7,1,2
2016-01-27,7A1yFTaREeWWBQrVFXqd,6,13,0,1
2016-01-27,GdeNrll1EeSROyIACtiV,10,12,1,5
2016-01-27,RMFRum1BEeWXrA6ju0fv,10,9,1,2
2016-01-28,7A1yFTaREeWWBQrVFXqd,5,13,0,1
2016-01-28,GdeNrll1EeSROyIACtiV,9,12,1,4
2016-01-28,RMFRum1BEeWXrA6ju0fv,8,10,1,0
2016-01-29,7A1yFTaREeWWBQrVFXqd,4,12,0,1
2016-01-29,GdeNrll1EeSROyIACtiV,11,11,1,5
2016-01-29,RMFRum1BEeWXrA6ju0fv,10,9,2,0
2016-01-30,7A1yFTaREeWWBQrVFXqd,3,12,0,1
2016-01-30,GdeNrll1EeSROyIACtiV,13,9,1,7
2016-01-30,RMFRum1BEeWXrA6ju0fv,12,9,2,1
2016-01-31,7A1yFTaREeWWBQrVFXqd,3,10,0,1
2016-01-31,GdeNrll1EeSROyIACtiV,14,8,1,7
2016-01-31,RMFRum1BEeWXrA6ju0fv,12,9,2,2
2016-02-01,7A1yFTaREeWWBQrVFXqd,3,10,0,0
2016-02-01,GdeNrll1EeSROyIACtiV,13,9,1,6
2016-02-01,RMFRum1BEeWXrA6ju0fv,11,10,2,3
2016-02-02,7A1yFTaREeWWBQrVFXqd,4,7,0,0
2016-02-02,GdeNrll1EeSROyIACtiV,11,10,0,5
2016-02-02,RMFRum1BEeWXrA6ju0fv,10,12,1,4
2016-02-03,7A1yFTaREeWWBQrVFXqd,5,6,0,0
2016-02-03,GdeNrll1EeSROyIACtiV,12,10,0,4
2016-02-03,RMFRum1BEeWXrA6ju0fv,12,10,1,4
2016-02-04,7A1yFTaREeWWBQrVFXqd,5,5,0,0
2016-02-04,GdeNrll1EeSROyIACtiV,11,9,0,4
2016-02-04,RMFRum1BEeWXrA6ju0fv,12,8,1,5
2016-02-05,7A1yFTaREeWWBQrVFXqd,6,4,0,0
2016-02-05,GdeNrll1EeSROyIACtiV,12,11,0,2
2016-02-05,RMFRum1BEeWXrA6ju0fv,12,10,0,6
2016-02-06,7A1yFTaREeWWBQrVFXqd,6,3,0,3
2016-02-06,GdeNrll1EeSROyIACtiV,10,13,0,0
2016-02-06,RMFRum1BEeWXrA6ju0fv,11,12,0,5
2016-02-07,7A1yFTaREeWWBQrVFXqd,8,3,1,4
2016-02-07,GdeNrll1EeSROyIACtiV,8,14,0,0
2016-02-07,RMFRum1BEeWXrA6ju0fv,10,12,0,4
2016-02-08,7A1yFTaREeWWBQrVFXqd,10,3,1,5
2016-02-08,GdeNrll1EeSROyIACtiV,7,13,0,0
2016-02-08,RMFRum1BEeWXrA6ju0fv,11,11,0,6
2016-02-09,7A1yFTaREeWWBQrVFXqd,9,4,1,5
2016-02-09,GdeNrll1EeSROyIACtiV,8,11,0,1
2016-02-09,RMFRum1BEeWXrA6ju0fv,10,10,0,5
2016-02-10,7A1yFTaREeWWBQrVFXqd,10,5,1,7
2016-02-10,GdeNrll1EeSROyIACtiV,7,12,0,1
2016-02-10,RMFRum1BEeWXrA6ju0fv,11,12,0,6
2016-02-11,7A1yFTaREeWWBQrVFXqd,10,5,1,7
2016-02-11,GdeNrll1EeSROyIACtiV,6,11,0,1
2016-02-11,RMFRum1BEeWXrA6ju0fv,11,12,0,6
2016-02-12,7A1yFTaREeWWBQrVFXqd,10,6,1,7
2016-02-12,GdeNrll1EeSROyIACtiV,6,12,0,1
2016-02-12,RMFRum1BEeWXrA6ju0fv,13,12,0,6
2016-02-13,7A1yFTaREeWWBQrVFXqd,10,6,1,5
2016-02-13,GdeNrll1EeSROyIACtiV,6,10,0,2
2016-02-13,RMFRum1BEeWXrA6ju0fv,13,11,0,7
2016-02-14,7A1yFTaREeWWBQrVFXqd,8,8,0,4
2016-02-14,GdeNrll1EeSROyIACtiV,7,8,0,2
2016-02-14,RMFRum1BEeWXrA6ju0fv,14,10,0,8
2016-02-15,7A1yFTaREeWWBQrVFXqd,7,10,0,3
2016-02-15,GdeNrll1EeSROyIACtiV,7,7,0,3
2016-02-15,RMFRum1BEeWXrA6ju0fv,15,11,0,6
2016-02-16,7A1yFTaREeWWBQrVFXqd,7,9,0,3
2016-02-16,GdeNrll1EeSROyIACtiV,7,8,0,2
2016-02-16,RMFRum1BEeWXrA6ju0fv,15,10,0,7
2016-02-17,7A1yFTaREeWWBQrVFXqd,7,10,0,1
2016-02-17,GdeNrll1EeSROyIACtiV,7,7,0,3
2016-02-17,RMFRum1BEeWXrA6ju0fv,14,11,0,6
2016-02-18,7A1yFTaREeWWBQrVFXqd,8,10,0,1
2016-02-18,GdeNrll1EeSROyIACtiV,6,6,0,3
2016-02-18,RMFRum1BEeWXrA6ju0fv,13,11,0,5
2016-02-19,7A1yFTaREeWWBQrVFXqd,7,10,0,1
2016-02-19,GdeNrll1EeSROyIACtiV,7,6,0,3
2016-02-19,RMFRum1BEeWXrA6ju0fv,11,13,0,4
2016-02-20,7A1yFTaREeWWBQrVFXqd,5,10,0,0
2016-02-20,GdeNrll1EeSROyIACtiV,7,6,0,2
2016-02-20,RMFRum1BEeWXrA6ju0fv,8,13,0,3
2016-02-21,7A1yFTaREeWWBQrVFXqd,7,8,1,2
2016-02-21,GdeNrll1EeSROyIACtiV,6,7,0,2
2016-02-21,RMFRum1BEeWXrA6ju0fv,6,14,0,2
2016-02-22,7A1yFTaREeWWBQrVFXqd,6,7,1,2
2016-02-22,GdeNrll1EeSROyIACtiV,6,7,0,1
2016-02-22,RMFRum1BEeWXrA6ju0fv,5,15,0,1
2016-02-23,7A1yFTaREeWWBQrVFXqd,6,7,1,2
2016-02-23,GdeNrll1EeSROyIACtiV,7,7,1,1
2016-02-23,RMFRum1BEeWXrA6ju0fv,4,15,0,0
2016-02-24,7A1yFTaREeWWBQrVFXqd,8,7,1,3
2016-02-24,GdeNrll1EeSROyIACtiV,7,7,1,0
2016-02-24,RMFRum1BEeWXrA6ju0fv,3,14,0,0
2016-02-25,7A1yFTaREeWWBQrVFXqd,6,8,1,3
2016-02-25,GdeNrll1EeSROyIACtiV,7,6,1,0
2016-02-25,RMFRum1BEeWXrA6ju0fv,5,13,0,0
2016-02-26,7A1yFTaREeWWBQrVFXqd,6,7,1,3
2016-02-26,GdeNrll1EeSROyIACtiV,5,7,1,0
2016-02-26,RMFRum1BEeWXrA6ju0fv,5,11,0,0
2016-02-27,7A1yFTaREeWWBQrVFXqd,7,5,1,3
2016-02-27,GdeNrll1EeSROyIACtiV,6,7,1,0
2016-02-27,RMFRum1BEeWXrA6ju0fv,6,8,0,1
2016-02-28,7A1yFTaREeWWBQrVFXqd,6,7,0,3
2016-02-28,GdeNrll1EeSROyIACtiV,5,6,1,0
2016-02-28,RMFRum1BEeWXrA6ju0fv,7,6,0,2
2016-02-29,7A1yFTaREeWWBQrVFXqd,6,6,0,3
2016-02-29,GdeNrll1EeSROyIACtiV,7,6,3,0
2016-02-29,RMFRum1BEeWXrA6ju0fv,8,5,0,3
2016-03-01,7A1yFTaREeWWBQrVFXqd,6,6,0,3
2016-03-01,GdeNrll1EeSROyIACtiV,6,7,3,0
2016-03-01,RMFRum1BEeWXrA6ju0fv,8,4,0,3
2016-03-02,7A1yFTaREeWWBQrVFXqd,3,8,0,2
2016-03-02,GdeNrll1EeSROyIACtiV,7,7,3,0
2016-03-02,RMFRum1BEeWXrA6ju0fv,8,3,0,3
2016-03-03,7A1yFTaREeWWBQrVFXqd,4,6,0,3
2016-03-03,GdeNrll1EeSROyIACtiV,8,7,3,1
2016-03-03,RMFRum1BEeWXrA6ju0fv,8,5,0,4
2016-03-04,7A1yFTaREeWWBQrVFXqd,4,6,0,3
2016-03-04,GdeNrll1EeSROyIACtiV,9,5,3,1
2016-03-04,RMFRum1BEeWXrA6ju0fv,8,5,0,4
2016-03-05,7A1yFTaREeWWBQrVFXqd,4,7,0,3
2016-03-05,GdeNrll1EeSROyIACtiV,7,6,3,1
2016-03-05,RMFRum1BEeWXrA6ju0fv,9,6,0,3
2016-03-06,7A1yFTaREeWWBQrVFXqd,5,6,1,1
2016-03-06,GdeNrll1EeSROyIACtiV,9,5,4,1
2016-03-06,RMFRum1BEeWXrA6ju0fv,9,7,0,4
2016-03-07,7A1yFTaREeWWBQrVFXqd,5,6,1,1
2016-03-07,GdeNrll1EeSROyIACtiV,8,7,3,1
2016-03-07,RMFRum1BEeWXrA6ju0fv,6,8,0,3
2016-03-08,7A1yFTaREeWWBQrVFXqd,4,6,1,1
2016-03-08,GdeNrll1EeSROyIACtiV,9,6,3,2
2016-03-08,RMFRum1BEeWXrA6ju0fv,6,8,0,3
2016-03-09,7A1yFTaREeWWBQrVFXqd,4,3,1,1
2016-03-09,GdeNrll1EeSROyIACtiV,10,7,3,3
2016-03-09,RMFRum1BEeWXrA6ju0fv,6,8,0,3
2016-03-10,7A1yFTaREeWWBQrVFXqd,4,4,1,0
2016-03-10,GdeNrll1EeSROyIACtiV,9,8,3,2
2016-03-10,RMFRum1BEeWXrA6ju0fv,5,8,0,2
2016-03-11,7A1yFTaREeWWBQrVFXqd,3,4,1,0
2016-03-11,GdeNrll1EeSROyIACtiV,8,9,2,2
2016-03-11,RMFRum1BEeWXrA6ju0fv,4,8,0,2
2016-03-12,7A1yFTaREeWWBQrVFXqd,2,4,1,0
2016-03-12,GdeNrll1EeSROyIACtiV,9,7,3,2
2016-03-12,RMFRum1BEeWXrA6ju0fv,3,9,0,2
2016-03-13,7A1yFTaREeWWBQrVFXqd,1,5,0,0
2016-03-13,GdeNrll1EeSROyIACtiV,8,9,2,2
2016-03-13,RMFRum1BEeWXrA6ju0fv,4,9,1,0
2016-03-14,7A1yFTaREeWWBQrVFXqd,1,5,0,0
2016-03-14,GdeNrll1EeSROyIACtiV,9,8,3,2
2016-03-14,RMFRum1BEeWXrA6ju0fv,4,6,1,0
2016-03-15,7A1yFTaREeWWBQrVFXqd,2,4,0,0
2016-03-15,GdeNrll1EeSROyIACtiV,7,9,3,1
2016-03-15,RMFRum1BEeWXrA6ju0fv,4,6,1,0
2016-03-16,7A1yFTaREeWWBQrVFXqd,2,4,0,0
2016-03-16,GdeNrll1EeSROyIACtiV,8,10,3,1
2016-03-16,RMFRum1BEeWXrA6ju0fv,6,6,1,1
2016-03-17,7A1yFTaREeWWBQrVFXqd,2,4,0,0
2016-03-17,GdeNrll1EeSROyIACtiV,5,9,3,1
2016-03-17,RMFRum1BEeWXrA6ju0fv,7,5,2,1
2016-03-18,7A1yFTaREeWWBQrVFXqd,2,3,0,0
2016-03-18,GdeNrll1EeSROyIACtiV,5,8,3,1
2016-03-18,RMFRum1BEeWXrA6ju0fv,6,4,2,1
2016-03-19,7A1yFTaREeWWBQrVFXqd,2,2,0,0
2016-03-19,GdeNrll1EeSROyIACtiV,5,9,3,1
2016-03-19,RMFRum1BEeWXrA6ju0fv,7,3,2,1
2016-03-20,7A1yFTaREeWWBQrVFXqd,2,1,0,0
2016-03-20,GdeNrll1EeSROyIACtiV,4,8,3,1
2016-03-20,RMFRum1BEeWXrA6ju0fv,7,4,2,2
2016-03-21,7A1yFTaREeWWBQrVFXqd,2,1,0,0
2016-03-21,GdeNrll1EeSROyIACtiV,5,9,3,2
2016-03-21,RMFRum1BEeWXrA6ju0fv,7,4,2,2
2016-03-22,7A1yFTaREeWWBQrVFXqd,2,2,0,0
2016-03-22,GdeNrll1EeSROyIACtiV,4,7,2,2
2016-03-22,RMFRum1BEeWXrA6ju0fv,8,4,2,2
2016-03-23,7A1yFTaREeWWBQrVFXqd,2,2,0,0
2016-03-23,GdeNrll1EeSROyIACtiV,3,8,2,1
2016-03-23,RMFRum1BEeWXrA6ju0fv,6,6,2,1
2016-03-24,7A1yFTaREeWWBQrVFXqd,3,2,0,0
2016-03-24,GdeNrll1EeSROyIACtiV,3,5,2,1
2016-03-24,RMFRum1BEeWXrA6ju0fv,5,7,1,1
2016-03-25,7A1yFTaREeWWBQrVFXqd,3,2,0,0
2016-03-25,GdeNrll1EeSROyIACtiV,3,5,1,1
2016-03-25,RMFRum1BEeWXrA6ju0fv,6,6,1,2
2016-03-26,7A1yFTaREeWWBQrVFXqd,3,2,0,0
2016-03-26,GdeNrll1EeSROyIACtiV,2,5,0,1
2016-03-26,RMFRum1BEeWXrA6ju0fv,6,7,1,2
2016-03-27,7A1yFTaREeWWBQrVFXqd,3,2,0,0
2016-03-27,GdeNrll1EeSROyIACtiV,2,4,0,1
2016-03-27,RMFRum1BEeWXrA6ju0fv,6,7,0,1
2016-03-28,7A1yFTaREeWWBQrVFXqd,3,2,0,0
2016-03-28,GdeNrll1EeSROyIACtiV,1,5,0,0
2016-03-28,RMFRum1BEeWXrA6ju0fv,6,7,0,1
2016-03-29,7A1yFTaREeWWBQrVFXqd,3,2,0,1
2016-03-29,GdeNrll1EeSROyIACtiV,1,4,0,0
2016-03-29,RMFRum1BEeWXrA6ju0fv,6,8,0,2
2016-03-30,7A1yFTaREeWWBQrVFXqd,3,2,0,1
2016-03-30,GdeNrll1EeSROyIACtiV,1,3,0,0
2016-03-30,RMFRum1BEeWXrA6ju0fv,6,6,0,2
2016-03-31,7A1yFTaREeWWBQrVFXqd,3,3,0,1
2016-03-31,GdeNrll1EeSROyIACtiV,1,3,0,0
2016-03-31,RMFRum1BEeWXrA6ju0fv,7,5,0,3
2016-04-01,7A1yFTaREeWWBQrVFXqd,1,3,0,1
2016-04-01,GdeNrll1EeSROyIACtiV,1,3,1,0
2016-04-01,RMFRum1BEeWXrA6ju0fv,7,6,0,2
2016-04-02,7A1yFTaREeWWBQrVFXqd,1,3,0,1
2016-04-02,GdeNrll1EeSROyIACtiV,1,2,1,0
2016-04-02,RMFRum1BEeWXrA6ju0fv,7,6,0,2
2016-04-03,7A1yFTaREeWWBQrVFXqd,1,3,0,1
2016-04-03,GdeNrll1EeSROyIACtiV,1,2,1,0
2016-04-03,RMFRum1BEeWXrA6ju0fv,6,6,0,2
2016-04-04,7A1yFTaREeWWBQrVFXqd,1,3,0,1
2016-04-04,GdeNrll1EeSROyIACtiV,1,1,1,0
2016-04-04,RMFRum1BEeWXrA6ju0fv,6,6,0,2
2016-04-05,7A1yFTaREeWWBQrVFXqd,0,3,0,0
2016-04-05,GdeNrll1EeSROyIACtiV,2,1,1,0
2016-04-05,RMFRum1BEeWXrA6ju0fv,4,6,0,1
2016-04-06,7A1yFTaREeWWBQrVFXqd,1,3,0,0
2016-04-06,GdeNrll1EeSROyIACtiV,2,1,1,0
2016-04-06,RMFRum1BEeWXrA6ju0fv,5,6,0,2
2016-04-07,7A1yFTaREeWWBQrVFXqd,2,3,0,0
2016-04-07,GdeNrll1EeSROyIACtiV,3,1,1,0
2016-04-07,RMFRum1BEeWXrA6ju0fv,5,7,0,2
2016-04-08,7A1yFTaREeWWBQrVFXqd,2,1,0,0
2016-04-08,GdeNrll1EeSROyIACtiV,3,1,1,0
2016-04-08,RMFRum1BEeWXrA6ju0fv,5,7,0,2
2016-04-09,7A1yFTaREeWWBQrVFXqd,3,1,0,1
2016-04-09,GdeNrll1EeSROyIACtiV,3,1,1,0
2016-04-09,RMFRum1BEeWXrA6ju0fv,5,7,0,2
2016-04-10,7A1yFTaREeWWBQrVFXqd,3,1,0,1
2016-04-10,GdeNrll1EeSROyIACtiV,3,1,1,0
2016-04-10,RMFRum1BEeWXrA6ju0fv,4,6,0,2
2016-04-11,7A1yFTaREeWWBQrVFXqd,3,1,0,1
2016-04-11,GdeNrll1EeSROyIACtiV,4,1,2,0
2016-04-11,RMFRum1BEeWXrA6ju0fv,4,6,0,2
2016-04-12,7A1yFTaREeWWBQrVFXqd,3,0,0,1
2016-04-12,GdeNrll1EeSROyIACtiV,3,2,2,0
2016-04-12,RMFRum1BEeWXrA6ju0fv,5,4,0,3
2016-04-13,7A1yFTaREeWWBQrVFXqd,3,1,0,1
2016-04-13,GdeNrll1EeSROyIACtiV,4,2,2,0
2016-04-13,RMFRum1BEeWXrA6ju0fv,4,5,0,2
2016-04-14,7A1yFTaREeWWBQrVFXqd,4,2,0,1
2016-04-14,GdeNrll1EeSROyIACtiV,3,3,2,0
2016-04-14,RMFRum1BEeWXrA6ju0fv,5,5,0,1
2016-04-15,7A1yFTaREeWWBQrVFXqd,5,2,0,2
2016-04-15,GdeNrll1EeSROyIACtiV,4,3,2,0
2016-04-15,RMFRum1BEeWXrA6ju0fv,5,5,0,1
2016-04-16,7A1yFTaREeWWBQrVFXqd,5,3,0,2
2016-04-16,GdeNrll1EeSROyIACtiV,5,3,3,0
2016-04-16,RMFRum1BEeWXrA6ju0fv,6,5,0,2
2016-04-17,7A1yFTaREeWWBQrVFXqd,5,3,0,3
2016-04-17,GdeNrll1EeSROyIACtiV,6,3,3,0
2016-04-17,RMFRum1BEeWXrA6ju0fv,6,4,0,2
2016-04-18,7A1yFTaREeWWBQrVFXqd,5,3,0,4
2016-04-18,GdeNrll1EeSROyIACtiV,4,4,1,0
2016-04-18,RMFRum1BEeWXrA6ju0fv,5,4,0,2
2016-04-19,7A1yFTaREeWWBQrVFXqd,5,3,0,4
2016-04-19,GdeNrll1EeSROyIACtiV,5,3,1,1
2016-04-19,RMFRum1BEeWXrA6ju0fv,5,5,0,1
2016-04-20,7A1yFTaREeWWBQrVFXqd,5,3,0,4
2016-04-20,GdeNrll1EeSROyIACtiV,5,4,1,2
2016-04-20,RMFRum1BEeWXrA6ju0fv,5,4,0,1
2016-04-21,7A1yFTaREeWWBQrVFXqd,4,4,0,4
2016-04-21,GdeNrll1EeSROyIACtiV,5,3,1,2
2016-04-21,RMFRum1BEeWXrA6ju0fv,4,5,0,2
2016-04-22,7A1yFTaREeWWBQrVFXqd,3,5,0,3
2016-04-22,GdeNrll1EeSROyIACtiV,4,4,1,2
2016-04-22,RMFRum1BEeWXrA6ju0fv,4,5,0,2
2016-04-23,7A1yFTaREeWWBQrVFXqd,3,5,1,2
2016-04-23,GdeNrll1EeSROyIACtiV,3,5,0,2
2016-04-23,RMFRum1BEeWXrA6ju0fv,3,6,0,1
2016-04-24,7A1yFTaREeWWBQrVFXqd,3,5,2,1
2016-04-24,GdeNrll1EeSROyIACtiV,4,6,0,3
2016-04-24,RMFRum1BEeWXrA6ju0fv,3,6,0,1
2016-04-25,7A1yFTaREeWWBQrVFXqd,3,5,2,1
2016-04-25,GdeNrll1EeSROyIACtiV,5,4,1,3
2016-04-25,RMFRum1BEeWXrA6ju0fv,4,5,0,1
2016-04-26,7A1yFTaREeWWBQrVFXqd,3,5,2,1
2016-04-26,GdeNrll1EeSROyIACtiV,5,5,1,3
2016-04-26,RMFRum1BEeWXrA6ju0fv,3,5,0,1
2016-04-27,7A1yFTaREeWWBQrVFXqd,3,5,2,1
2016-04-27,GdeNrll1EeSROyIACtiV,5,5,1,2
2016-04-27,RMFRum1BEeWXrA6ju0fv,3,5,0,1
2016-04-28,7A1yFTaREeWWBQrVFXqd,4,4,2,1
2016-04-28,GdeNrll1EeSROyIACtiV,5,5,1,2
2016-04-28,RMFRum1BEeWXrA6ju0fv,2,4,0,0
2016-04-29,7A1yFTaREeWWBQrVFXqd,5,3,2,1
2016-04-29,GdeNrll1EeSROyIACtiV,6,4,1,3
2016-04-29,RMFRum1BEeWXrA6ju0fv,2,4,0,0
2016-04-30,7A1yFTaREeWWBQrVFXqd,5,3,1,1
2016-04-30,GdeNrll1EeSROyIACtiV,6,3,1,3
2016-04-30,RMFRum1BEeWXrA6ju0fv,2,3,0,0
2016-05-01,7A1yFTaREeWWBQrVFXqd,5,3,0,2
2016-05-01,GdeNrll1EeSROyIACtiV,7,4,1,2
2016-05-01,RMFRum1BEeWXrA6ju0fv,1,3,0,0
2016-05-02,7A1yFTaREeWWBQrVFXqd,7,3,0,2
2016-05-02,GdeNrll1EeSROyIACtiV,6,5,0,2
2016-05-02,RMFRum1BEeWXrA6ju0fv,1,4,1,0
2016-05-03,7A1yFTaREeWWBQrVFXqd,8,3,0,2
2016-05-03,GdeNrll1EeSROyIACtiV,6,5,0,2
2016-05-03,RMFRum1BEeWXrA6ju0fv,1,3,1,0
2016-05-04,7A1yFTaREeWWBQrVFXqd,8,3,0,4
2016-05-04,GdeNrll1EeSROyIACtiV,6,5,0,2
2016-05-04,RMFRum1BEeWXrA6ju0fv,1,3,1,0
2016-05-05,7A1yFTaREeWWBQrVFXqd,7,4,0,4
2016-05-05,GdeNrll1EeSROyIACtiV,6,5,0,2
2016-05-05,RMFRum1BEeWXrA6ju0fv,1,2,1,0
2016-05-06,7A1yFTaREeWWBQrVFXqd,10,5,0,5
2016-05-06,GdeNrll1EeSROyIACtiV,7,6,0,3
2016-05-06,RMFRum1BEeWXrA6ju0fv,1,2,1,0
2016-05-07,7A1yFTaREeWWBQrVFXqd,10,5,0,6
2016-05-07,GdeNrll1EeSROyIACtiV,8,6,0,3
2016-05-07,RMFRum1BEeWXrA6ju0fv,1,2,1,0
2016-05-08,7A1yFTaREeWWBQrVFXqd,9,5,0,5
2016-05-08,GdeNrll1EeSROyIACtiV,8,7,0,3
2016-05-08,RMFRum1BEeWXrA6ju0fv,1,1,1,0
2016-05-09,7A1yFTaREeWWBQrVFXqd,10,7,0,7
2016-05-09,GdeNrll1EeSROyIACtiV,7,6,0,3
2016-05-09,RMFRum1BEeWXrA6ju0fv,0,1,0,0
2016-05-10,7A1yFTaREeWWBQrVFXqd,9,8,0,7
2016-05-10,GdeNrll1EeSROyIACtiV,7,6,0,2
2016-05-10,RMFRum1BEeWXrA6ju0fv,0,1,0,0
2016-05-11,7A1yFTaREeWWBQrVFXqd,8,8,0,5
2016-05-11,GdeNrll1EeSROyIACtiV,7,6,0,2
2016-05-11,RMFRum1BEeWXrA6ju0fv,0,1,0,0
2016-05-12,7A1yFTaREeWWBQrVFXqd,8,7,0,5
2016-05-12,GdeNrll1EeSROyIACtiV,7,6,1,3
2016-05-12,RMFRum1BEeWXrA6ju0fv,0,1,0,0
2016-05-13,7A1yFTaREeWWBQrVFXqd,6,10,0,4
2016-05-13,GdeNrll1EeSROyIACtiV,6,7,1,1
2016-05-13,RMFRum1BEeWXrA6ju0fv,1,1,1,0
2016-05-14,7A1yFTaREeWWBQrVFXqd,7,10,0,3
2016-05-14,GdeNrll1EeSROyIACtiV,7,8,1,1
2016-05-14,RMFRum1BEeWXrA6ju0fv,1,1,1,0
2016-05-15,7A1yFTaREeWWBQrVFXqd,7,9,0,3
2016-05-15,GdeNrll1EeSROyIACtiV,7,8,1,1
2016-05-15,RMFRum1BEeWXrA6ju0fv,1,1,1,0
2016-05-16,7A1yFTaREeWWBQrVFXqd,6,10,0,0
2016-05-16,GdeNrll1EeSROyIACtiV,7,7,1,1
2016-05-16,RMFRum1BEeWXrA6ju0fv,2,0,1,0
2016-05-17,7A1yFTaREeWWBQrVFXqd,4,9,0,0
2016-05-17,GdeNrll1EeSROyIACtiV,8,7,1,2
2016-05-17,RMFRum1BEeWXrA6ju0fv,2,0,1,0
2016-05-18,7A1yFTaREeWWBQrVFXqd,5,8,0,1
2016-05-18,GdeNrll1EeSROyIACtiV,6,7,1,2
2016-05-18,RMFRum1BEeWXrA6ju0fv,2,0,1,0
2016-05-19,7A1yFTaREeWWBQrVFXqd,4,8,0,1
2016-05-19,GdeNrll1EeSROyIACtiV,6,7,0,2
2016-05-19,RMFRum1BEeWXrA6ju0fv,2,0,1,0
2016-05-20,7A1yFTaREeWWBQrVFXqd,4,6,0,2
2016-05-20,GdeNrll1EeSROyIACtiV,6,6,0,2
2016-05-20,RMFRum1BEeWXrA6ju0fv,2,1,0,0
2016-05-21,7A1yFTaREeWWBQrVFXqd,2,7,0,2
2016-05-21,GdeNrll1EeSROyIACtiV,5,7,0,2
2016-05-21,RMFRum1BEeWXrA6ju0fv,2,1,0,0
2016-05-22,7A1yFTaREeWWBQrVFXqd,2,7,0,2
2016-05-22,GdeNrll1EeSROyIACtiV,4,7,0,2
2016-05-22,RMFRum1BEeWXrA6ju0fv,2,1,0,0
2016-05-23,7A1yFTaREeWWBQrVFXqd,3,6,0,2
2016-05-23,GdeNrll1EeSROyIACtiV,4,7,0,2
2016-05-23,RMFRum1BEeWXrA6ju0fv,3,2,0,2
2016-05-24,7A1yFTaREeWWBQrVFXqd,3,4,0,2
2016-05-24,GdeNrll1EeSROyIACtiV,4,8,0,1
2016-05-24,RMFRum1BEeWXrA6ju0fv,3,2,0,2
2016-05-25,7A1yFTaREeWWBQrVFXqd,2,5,0,1
2016-05-25,GdeNrll1EeSROyIACtiV,5,6,0,2
2016-05-25,RMFRum1BEeWXrA6ju0fv,3,2,0,2
2016-05-26,7A1yFTaREeWWBQrVFXqd,4,4,0,1
2016-05-26,GdeNrll1EeSROyIACtiV,5,6,0,1
2016-05-26,RMFRum1BEeWXrA6ju0fv,4,2,0,3
2016-05-27,7A1yFTaREeWWBQrVFXqd,5,4,1,0
2016-05-27,GdeNrll1EeSROyIACtiV,8,6,0,2
2016-05-27,RMFRum1BEeWXrA6ju0fv,4,2,0,3
2016-05-28,7A1yFTaREeWWBQrVFXqd,6,2,2,0
2016-05-28,GdeNrll1EeSROyIACtiV,6,5,0,2
2016-05-28,RMFRum1BEeWXrA6ju0fv,4,2,0,3
2016-05-29,7A1yFTaREeWWBQrVFXqd,6,2,2,0
2016-05-29,GdeNrll1EeSROyIACtiV,7,4,0,2
2016-05-29,RMFRum1BEeWXrA6ju0fv,4,2,0,3
2016-05-30,7A1yFTaREeWWBQrVFXqd,5,3,2,0
2016-05-30,GdeNrll1EeSROyIACtiV,7,4,0,2
2016-05-30,RMFRum1BEeWXrA6ju0fv,2,3,0,1
2016-05-31,7A1yFTaREeWWBQrVFXqd,5,3,2,0
2016-05-31,GdeNrll1EeSROyIACtiV,8,4,0,2
2016-05-31,RMFRum1BEeWXrA6ju0fv,3,3,0,1
2016-06-01,7A1yFTaREeWWBQrVFXqd,5,2,2,0
2016-06-01,GdeNrll1EeSROyIACtiV,8,5,0,1
2016-06-01,RMFRum1BEeWXrA6ju0fv,2,3,0,1
2016-06-02,7A1yFTaREeWWBQrVFXqd,6,4,2,0
2016-06-02,GdeNrll1EeSROyIACtiV,8,5,0,2
2016-06-02,RMFRum1BEeWXrA6ju0fv,2,4,0,0
2016-06-03,7A1yFTaREeWWBQrVFXqd,6,5,1,1
2016-06-03,GdeNrll1EeSROyIACtiV,6,8,0,2
2016-06-03,RMFRum1BEeWXrA6ju0fv,2,4,0,0
2016-06-04,7A1yFTaREeWWBQrVFXqd,5,6,0,1
2016-06-04,GdeNrll1EeSROyIACtiV,5,6,0,2
2016-06-04,RMFRum1BEeWXrA6ju0fv,4,4,1,0
2016-06-05,7A1yFTaREeWWBQrVFXqd,4,6,0,1
2016-06-05,GdeNrll1EeSROyIACtiV,5,7,0,2
2016-06-05,RMFRum1BEeWXrA6ju0fv,5,4,2,1
2016-06-06,7A1yFTaREeWWBQrVFXqd,4,5,0,1
2016-06-06,GdeNrll1EeSROyIACtiV,6,7,0,4
2016-06-06,RMFRum1BEeWXrA6ju0fv,6,2,2,1
2016-06-07,7A1yFTaREeWWBQrVFXqd,5,5,0,2
2016-06-07,GdeNrll1EeSROyIACtiV,6,8,0,4
2016-06-07,RMFRum1BEeWXrA6ju0fv,8,3,2,3
2016-06-08,7A1yFTaREeWWBQrVFXqd,5,5,0,2
2016-06-08,GdeNrll1EeSROyIACtiV,7,8,1,4
2016-06-08,RMFRum1BEeWXrA6ju0fv,9,2,2,5
2016-06-09,7A1yFTaREeWWBQrVFXqd,4,6,0,2
2016-06-09,GdeNrll1EeSROyIACtiV,8,8,1,3
2016-06-09,RMFRum1BEeWXrA6ju0fv,9,2,2,5
2016-06-10,7A1yFTaREeWWBQrVFXqd,4,6,0,1
2016-06-10,GdeNrll1EeSROyIACtiV,8,6,1,2
2016-06-10,RMFRum1BEeWXrA6ju0fv,9,2,2,5
2016-06-11,7A1yFTaREeWWBQrVFXqd,4,5,0,1
2016-06-11,GdeNrll1EeSROyIACtiV,8,5,1,2
2016-06-11,RMFRum1BEeWXrA6ju0fv,7,4,1,5
2016-06-12,7A1yFTaREeWWBQrVFXqd,3,4,0,1
2016-06-12,GdeNrll1EeSROyIACtiV,8,5,1,2
2016-06-12,RMFRum1BEeWXrA6ju0fv,6,5,0,4
2016-06-13,7A1yFTaREeWWBQrVFXqd,4,4,0,1
2016-06-13,GdeNrll1EeSROyIACtiV,6,6,1,0
2016-06-13,RMFRum1BEeWXrA6ju0fv,7,6,0,5
2016-06-14,7A1yFTaREeWWBQrVFXqd,3,5,0,0
2016-06-14,GdeNrll1EeSROyIACtiV,8,6,2,0
2016-06-14,RMFRum1BEeWXrA6ju0fv,7,8,0,3
2016-06-15,7A1yFTaREeWWBQrVFXqd,2,5,0,0
2016-06-15,GdeNrll1EeSROyIACtiV,6,7,1,0
2016-06-15,RMFRum1BEeWXrA6ju0fv,5,9,0,1
2016-06-16,7A1yFTaREeWWBQrVFXqd,3,4,0,1
2016-06-16,GdeNrll1EeSROyIACtiV,7,8,1,1
2016-06-16,RMFRum1BEeWXrA6ju0fv,5,9,0,1
2016-06-17,7A1yFTaREeWWBQrVFXqd,3,4,0,1
2016-06-17,GdeNrll1EeSROyIACtiV,6,8,1,1
2016-06-17,RMFRum1BEeWXrA6ju0fv,5,9,0,1
2016-06-18,7A1yFTaREeWWBQrVFXqd,4,4,0,1
2016-06-18,GdeNrll1EeSROyIACtiV,6,8,1,1
2016-06-18,RMFRum1BEeWXrA6ju0fv,4,7,0,1
2016-06-19,7A1yFTaREeWWBQrVFXqd,4,3,0,1
2016-06-19,GdeNrll1EeSROyIACtiV,6,8,1,1
2016-06-19,RMFRum1BEeWXrA6ju0fv,4,6,1,1
2016-06-20,7A1yFTaREeWWBQrVFXqd,4,4,0,1
2016-06-20,GdeNrll1EeSROyIACtiV,6,6,1,1
2016-06-20,RMFRum1BEeWXrA6ju0fv,3,7,1,0
2016-06-21,7A1yFTaREeWWBQrVFXqd,4,3,0,1
2016-06-21,GdeNrll1EeSROyIACtiV,5,8,0,1
2016-06-21,RMFRum1BEeWXrA6ju0fv,4,7,2,1
2016-06-22,7A1yFTaREeWWBQrVFXqd,5,2,0,2
2016-06-22,GdeNrll1EeSROyIACtiV,4,6,0,1
2016-06-22,RMFRum1BEeWXrA6ju0fv,5,5,2,1
2016-06-23,7A1yFTaREeWWBQrVFXqd,3,3,0,1
2016-06-23,GdeNrll1EeSROyIACtiV,3,7,0,0
2016-06-23,RMFRum1BEeWXrA6ju0fv,5,5,2,1
2016-06-24,7A1yFTaREeWWBQrVFXqd,3,3,0,1
2016-06-24,GdeNrll1EeSROyIACtiV,3,6,0,0
2016-06-24,RMFRum1BEeWXrA6ju0fv,5,5,2,1
2016-06-25,7A1yFTaREeWWBQrVFXqd,2,4,0,1
2016-06-25,GdeNrll1EeSROyIACtiV,2,6,0,0
2016-06-25,RMFRum1BEeWXrA6ju0fv,5,4,2,1
2016-06-26,7A1yFTaREeWWBQrVFXqd,2,4,0,1
2016-06-26,GdeNrll1EeSROyIACtiV,2,6,0,0
2016-06-26,RMFRum1BEeWXrA6ju0fv,4,4,1,1
2016-06-27,7A1yFTaREeWWBQrVFXqd,3,4,0,1
2016-06-27,GdeNrll1EeSROyIACtiV,3,6,0,1
2016-06-27,RMFRum1BEeWXrA6ju0fv,5,3,2,1
2016-06-28,7A1yFTaREeWWBQrVFXqd,3,4,0,1
2016-06-28,GdeNrll1EeSROyIACtiV,2,5,0,1
2016-06-28,RMFRum1BEeWXrA6ju0fv,3,4,1,0
2016-06-29,7A1yFTaREeWWBQrVFXqd,4,5,1,0
2016-06-29,GdeNrll1EeSROyIACtiV,2,4,0,1
2016-06-29,RMFRum1BEeWXrA6ju0fv,4,5,1,0
2016-06-30,7A1yFTaREeWWBQrVFXqd,4,3,1,0
2016-06-30,GdeNrll1EeSROyIACtiV,2,3,0,1
2016-06-30,RMFRum1BEeWXrA6ju0fv,4,5,1,1
2016-07-01,7A1yFTaREeWWBQrVFXqd,3,3,2,0
2016-07-01,GdeNrll1EeSROyIACtiV,3,3,0,2
2016-07-01,RMFRum1BEeWXrA6ju0fv,4,5,1,1
2016-07-02,7A1yFTaREeWWBQrVFXqd,3,2,2,0
2016-07-02,GdeNrll1EeSROyIACtiV,3,2,0,2
2016-07-02,RMFRum1BEeWXrA6ju0fv,5,5,1,2
2016-07-03,7A1yFTaREeWWBQrVFXqd,3,2,2,0
2016-07-03,GdeNrll1EeSROyIACtiV,3,2,0,2
2016-07-03,RMFRum1BEeWXrA6ju0fv,4,4,1,2
2016-07-04,7A1yFTaREeWWBQrVFXqd,3,3,2,0
2016-07-04,GdeNrll1EeSROyIACtiV,2,3,0,1
2016-07-04,RMFRum1BEeWXrA6ju0fv,3,5,0,2
2016-07-05,7A1yFTaREeWWBQrVFXqd,3,3,2,0
2016-07-05,GdeNrll1EeSROyIACtiV,3,2,1,1
2016-07-05,RMFRum1BEeWXrA6ju0fv,4,3,0,2
2016-07-06,7A1yFTaREeWWBQrVFXqd,3,4,2,0
2016-07-06,GdeNrll1EeSROyIACtiV,3,2,1,1
2016-07-06,RMFRum1BEeWXrA6ju0fv,4,4,0,3
2016-07-07,7A1yFTaREeWWBQrVFXqd,4,4,2,1
2016-07-07,GdeNrll1EeSROyIACtiV,3,2,1,1
2016-07-07,RMFRum1BEeWXrA6ju0fv,4,4,0,2
2016-07-08,7A1yFTaREeWWBQrVFXqd,4,3,1,2
2016-07-08,GdeNrll1EeSROyIACtiV,3,3,1,0
2016-07-08,RMFRum1BEeWXrA6ju0fv,4,4,0,3
2016-07-09,7A1yFTaREeWWBQrVFXqd,4,3,1,2
2016-07-09,GdeNrll1EeSROyIACtiV,4,3,2,0
2016-07-09,RMFRum1BEeWXrA6ju0fv,4,5,0,2
2016-07-10,7A1yFTaREeWWBQrVFXqd,5,3,1,2
2016-07-10,GdeNrll1EeSROyIACtiV,4,3,2,0
2016-07-10,RMFRum1BEeWXrA6ju0fv,3,4,0,2
2016-07-11,7A1yFTaREeWWBQrVFXqd,4,3,1,2
2016-07-11,GdeNrll1EeSROyIACtiV,4,2,2,0
2016-07-11,RMFRum1BEeWXrA6ju0fv,3,3,0,2
2016-07-12,7A1yFTaREeWWBQrVFXqd,4,3,1,2
2016-07-12,GdeNrll1EeSROyIACtiV,3,3,1,0
2016-07-12,RMFRum1BEeWXrA6ju0fv,3,4,0,2
2016-07-13,7A1yFTaREeWWBQrVFXqd,3,3,0,2
2016-07-13,GdeNrll1EeSROyIACtiV,2,3,1,0
2016-07-13,RMFRum1BEeWXrA6ju0fv,3,4,0,2
2016-07-14,7A1yFTaREeWWBQrVFXqd,3,4,0,1
2016-07-14,GdeNrll1EeSROyIACtiV,2,3,1,0
2016-07-14,RMFRum1BEeWXrA6ju0fv,3,4,0,2
2016-07-15,7A1yFTaREeWWBQrVFXqd,2,4,0,0
2016-07-15,GdeNrll1EeSROyIACtiV,2,3,1,0
2016-07-15,RMFRum1BEeWXrA6ju0fv,3,4,0,1
2016-07-16,7A1yFTaREeWWBQrVFXqd,2,4,0,0
2016-07-16,GdeNrll1EeSROyIACtiV,0,4,0,0
2016-07-16,RMFRum1BEeWXrA6ju0fv,4,4,0,2
2016-07-17,7A1yFTaREeWWBQrVFXqd,2,5,0,1
2016-07-17,GdeNrll1EeSROyIACtiV,0,4,0,0
2016-07-17,RMFRum1BEeWXrA6ju0fv,4,3,0,2
2016-07-18,7A1yFTaREeWWBQrVFXqd,2,4,0,1
2016-07-18,GdeNrll1EeSROyIACtiV,0,4,0,0
2016-07-18,RMFRum1BEeWXrA6ju0fv,5,3,0,3
2016-07-19,7A1yFTaREeWWBQrVFXqd,3,4,0,2
2016-07-19,GdeNrll1EeSROyIACtiV,0,3,0,0
2016-07-19,RMFRum1BEeWXrA6ju0fv,6,3,0,3
2016-07-20,7A1yFTaREeWWBQrVFXqd,3,3,0,2
2016-07-20,GdeNrll1EeSROyIACtiV,0,2,0,0
2016-07-20,RMFRum1BEeWXrA6ju0fv,6,3,0,2
2016-07-21,7A1yFTaREeWWBQrVFXqd,4,3,1,2
2016-07-21,GdeNrll1EeSROyIACtiV,0,2,0,0
2016-07-21,RMFRum1BEeWXrA6ju0fv,6,3,0,2
2016-07-22,7A1yFTaREeWWBQrVFXqd,4,2,1,2
2016-07-22,GdeNrll1EeSROyIACtiV,0,2,0,0
2016-07-22,RMFRum1BEeWXrA6ju0fv,5,3,0,2
2016-07-23,7A1yFTaREeWWBQrVFXqd,5,2,2,2
2016-07-23,GdeNrll1EeSROyIACtiV,0,0,0,0
2016-07-23,RMFRum1BEeWXrA6ju0fv,4,4,0,1
2016-07-24,7A1yFTaREeWWBQrVFXqd,4,2,2,1
2016-07-24,GdeNrll1EeSROyIACtiV,0,0,0,0
2016-07-24,RMFRum1BEeWXrA6ju0fv,3,4,0,1
2016-07-25,7A1yFTaREeWWBQrVFXqd,4,2,2,1
2016-07-25,GdeNrll1EeSROyIACtiV,0,0,0,0
2016-07-25,RMFRum1BEeWXrA6ju0fv,2,5,0,0
2016-07-26,7A1yFTaREeWWBQrVFXqd,5,3,2,0
2016-07-26,GdeNrll1EeSROyIACtiV,0,0,0,0
2016-07-26,RMFRum1BEeWXrA6ju0fv,2,6,0,0
2016-07-27,7A1yFTaREeWWBQrVFXqd,4,3,2,1
2016-07-27,GdeNrll1EeSROyIACtiV,0,0,0,0
2016-07-27,RMFRum1BEeWXrA6ju0fv,2,6,0,0
2016-07-28,7A1yFTaREeWWBQrVFXqd,3,4,1,1
2016-07-28,GdeNrll1EeSROyIACtiV,0,0,0,0
2016-07-28,RMFRum1BEeWXrA6ju0fv,3,6,0,0
2016-07-29,7A1yFTaREeWWBQrVFXqd,2,4,1,1
2016-07-29,GdeNrll1EeSROyIACtiV,0,0,0,0
2016-07-29,RMFRum1BEeWXrA6ju0fv,3,5,0,0
2016-07-30,7A1yFTaREeWWBQrVFXqd,3,5,0,2
2016-07-30,GdeNrll1EeSROyIACtiV,0,0,0,0
2016-07-30,RMFRum1BEeWXrA6ju0fv,3,4,0,0
2016-07-31,7A1yFTaREeWWBQrVFXqd,3,4,0,2
2016-07-31,GdeNrll1EeSROyIACtiV,2,0,0,1
2016-07-31,RMFRum1BEeWXrA6ju0fv,3,3,0,0
2016-08-01,7A1yFTaREeWWBQrVFXqd,4,4,1,2
2016-08-01,GdeNrll1EeSROyIACtiV,2,0,0,1
2016-08-01,RMFRum1BEeWXrA6ju0fv,4,2,0,0
2016-08-02,7A1yFTaREeWWBQrVFXqd,4,5,1,2
2016-08-02,GdeNrll1EeSROyIACtiV,2,0,0,1
2016-08-02,RMFRum1BEeWXrA6ju0fv,3,2,0,1
2016-08-03,7A1yFTaREeWWBQrVFXqd,4,4,1,2
2016-08-03,GdeNrll1EeSROyIACtiV,3,0,0,2
2016-08-03,RMFRum1BEeWXrA6ju0fv,3,2,0,1
2016-08-04,7A1yFTaREeWWBQrVFXqd,5,3,2,2
2016-08-04,GdeNrll1EeSROyIACtiV,3,0,0,2
2016-08-04,RMFRum1BEeWXrA6ju0fv,3,3,0,1
2016-08-05,7A1yFTaREeWWBQrVFXqd,5,2,2,2
2016-08-05,GdeNrll1EeSROyIACtiV,4,0,1,2
2016-08-05,RMFRum1BEeWXrA6ju0fv,3,3,0,1
2016-08-06,7A1yFTaREeWWBQrVFXqd,4,3,2,1
2016-08-06,GdeNrll1EeSROyIACtiV,4,0,1,2
2016-08-06,RMFRum1BEeWXrA6ju0fv,3,3,0,1
2016-08-07,7A1yFTaREeWWBQrVFXqd,4,3,2,1
2016-08-07,GdeNrll1EeSROyIACtiV,2,2,1,1
2016-08-07,RMFRum1BEeWXrA6ju0fv,2,3,0,1
2016-08-08,7A1yFTaREeWWBQrVFXqd,4,4,2,1
2016-08-08,GdeNrll1EeSROyIACtiV,2,2,1,1
2016-08-08,RMFRum1BEeWXrA6ju0fv,1,4,0,1
2016-08-09,7A1yFTaREeWWBQrVFXqd,4,4,2,1
2016-08-09,GdeNrll1EeSROyIACtiV,2,2,1,1
2016-08-09,RMFRum1BEeWXrA6ju0fv,2,3,0,1
2016-08-10,7A1yFTaREeWWBQrVFXqd,4,4,2,0
2016-08-10,GdeNrll1EeSROyIACtiV,1,3,1,0
2016-08-10,RMFRum1BEeWXrA6ju0fv,2,3,0,1
2016-08-11,7A1yFTaREeWWBQrVFXqd,3,5,1,0
2016-08-11,GdeNrll1EeSROyIACtiV,1,3,1,0
2016-08-11,RMFRum1BEeWXrA6ju0fv,2,3,0,1
2016-08-12,7A1yFTaREeWWBQrVFXqd,3,5,1,0
2016-08-12,GdeNrll1EeSROyIACtiV,2,4,1,0
2016-08-12,RMFRum1BEeWXrA6ju0fv,2,3,0,1
2016-08-13,7A1yFTaREeWWBQrVFXqd,3,4,1,0
2016-08-13,GdeNrll1EeSROyIACtiV,4,4,1,2
2016-08-13,RMFRum1BEeWXrA6ju0fv,2,3,0,1
2016-08-14,7A1yFTaREeWWBQrVFXqd,3,4,1,0
2016-08-14,GdeNrll1EeSROyIACtiV,4,2,1,2
2016-08-14,RMFRum1BEeWXrA6ju0fv,2,2,0,1
2016-08-15,7A1yFTaREeWWBQrVFXqd,3,4,1,0
2016-08-15,GdeNrll1EeSROyIACtiV,5,2,1,2
2016-08-15,RMFRum1BEeWXrA6ju0fv,4,1,1,2
2016-08-16,7A1yFTaREeWWBQrVFXqd,2,4,0,0
2016-08-16,GdeNrll1EeSROyIACtiV,5,2,1,2
2016-08-16,RMFRum1BEeWXrA6ju0fv,4,2,1,1
2016-08-17,7A1yFTaREeWWBQrVFXqd,3,4,0,1
2016-08-17,GdeNrll1EeSROyIACtiV,6,1,1,2
2016-08-17,RMFRum1BEeWXrA6ju0fv,5,2,1,1
2016-08-18,7A1yFTaREeWWBQrVFXqd,3,3,0,1
2016-08-18,GdeNrll1EeSROyIACtiV,6,1,1,3
2016-08-18,RMFRum1BEeWXrA6ju0fv,5,2,1,1
2016-08-19,7A1yFTaREeWWBQrVFXqd,2,3,0,1
2016-08-19,GdeNrll1EeSROyIACtiV,5,2,0,3
2016-08-19,RMFRum1BEeWXrA6ju0fv,5,2,1,1
2016-08-20,7A1yFTaREeWWBQrVFXqd,2,3,0,1
2016-08-20,GdeNrll1EeSROyIACtiV,5,4,0,1
2016-08-20,RMFRum1BEeWXrA6ju0fv,6,2,1,2
2016-08-21,7A1yFTaREeWWBQrVFXqd,3,3,0,1
2016-08-21,GdeNrll1EeSROyIACtiV,5,4,0,1
2016-08-21,RMFRum1BEeWXrA6ju0fv,7,2,1,3
2016-08-22,7A1yFTaREeWWBQrVFXqd,4,3,0,2
2016-08-22,GdeNrll1EeSROyIACtiV,4,5,0,1
2016-08-22,RMFRum1BEeWXrA6ju0fv,6,4,0,2
2016-08-23,7A1yFTaREeWWBQrVFXqd,4,2,0,2
2016-08-23,GdeNrll1EeSROyIACtiV,4,5,0,1
2016-08-23,RMFRum1BEeWXrA6ju0fv,5,4,0,2
2016-08-24,7A1yFTaREeWWBQrVFXqd,3,3,0,1
2016-08-24,GdeNrll1EeSROyIACtiV,5,6,0,1
2016-08-24,RMFRum1BEeWXrA6ju0fv,5,5,0,2
2016-08-25,7A1yFTaREeWWBQrVFXqd,2,3,0,1
2016-08-25,GdeNrll1EeSROyIACtiV,6,6,1,0
2016-08-25,RMFRum1BEeWXrA6ju0fv,5,5,0,2
2016-08-26,7A1yFTaREeWWBQrVFXqd,2,2,0,1
2016-08-26,GdeNrll1EeSROyIACtiV,5,5,1,0
2016-08-26,RMFRum1BEeWXrA6ju0fv,4,5,0,2
2016-08-27,7A1yFTaREeWWBQrVFXqd,3,2,0,2
2016-08-27,GdeNrll1EeSROyIACtiV,5,5,1,0
2016-08-27,RMFRum1BEeWXrA6ju0fv,3,6,0,1
2016-08-28,7A1yFTaREeWWBQrVFXqd,3,3,0,2
2016-08-28,GdeNrll1EeSROyIACtiV,4,5,1,0
2016-08-28,RMFRum1BEeWXrA6ju0fv,4,7,0,0
2016-08-29,7A1yFTaREeWWBQrVFXqd,2,4,0,1
2016-08-29,GdeNrll1EeSROyIACtiV,5,4,2,0
2016-08-29,RMFRum1BEeWXrA6ju0fv,5,6,0,0
2016-08-30,7A1yFTaREeWWBQrVFXqd,1,4,0,1
2016-08-30,GdeNrll1EeSROyIACtiV,4,4,2,0
2016-08-30,RMFRum1BEeWXrA6ju0fv,4,5,0,0
2016-08-31,7A1yFTaREeWWBQrVFXqd,1,3,0,1
2016-08-31,GdeNrll1EeSROyIACtiV,3,5,2,0
2016-08-31,RMFRum1BEeWXrA6ju0fv,4,5,0,0
2016-09-01,7A1yFTaREeWWBQrVFXqd,1,2,0,1
2016-09-01,GdeNrll1EeSROyIACtiV,2,6,1,0
2016-09-01,RMFRum1BEeWXrA6ju0fv,4,5,0,0
2016-09-02,7A1yFTaREeWWBQrVFXqd,2,2,0,1
2016-09-02,GdeNrll1EeSROyIACtiV,4,5,1,1
2016-09-02,RMFRum1BEeWXrA6ju0fv,4,4,0,0
2016-09-03,7A1yFTaREeWWBQrVFXqd,1,3,0,1
2016-09-03,GdeNrll1EeSROyIACtiV,5,5,1,2
2016-09-03,RMFRum1BEeWXrA6ju0fv,4,3,0,0
2016-09-04,7A1yFTaREeWWBQrVFXqd,1,3,0,1
2016-09-04,GdeNrll1EeSROyIACtiV,5,4,1,2
2016-09-04,RMFRum1BEeWXrA6ju0fv,3,4,0,0
2016-09-05,7A1yFTaREeWWBQrVFXqd,2,2,1,1
2016-09-05,GdeNrll1EeSROyIACtiV,4,5,0,2
2016-09-05,RMFRum1BEeWXrA6ju0fv,3,5,0,1
2016-09-06,7A1yFTaREeWWBQrVFXqd,3,1,1,1
2016-09-06,GdeNrll1EeSROyIACtiV,5,4,0,2
2016-09-06,RMFRum1BEeWXrA6ju0fv,3,4,0,1
2016-09-07,7A1yFTaREeWWBQrVFXqd,3,1,1,1
2016-09-07,GdeNrll1EeSROyIACtiV,6,3,0,4
2016-09-07,RMFRum1BEeWXrA6ju0fv,3,4,0,1
2016-09-08,7A1yFTaREeWWBQrVFXqd,3,1,1,1
2016-09-08,GdeNrll1EeSROyIACtiV,7,2,0,4
2016-09-08,RMFRum1BEeWXrA6ju0fv,2,4,0,1
2016-09-09,7A1yFTaREeWWBQrVFXqd,3,2,1,1
2016-09-09,GdeNrll1EeSROyIACtiV,7,4,1,3
2016-09-09,RMFRum1BEeWXrA6ju0fv,2,4,0,1
2016-09-10,7A1yFTaREeWWBQrVFXqd,2,1,1,0
2016-09-10,GdeNrll1EeSROyIACtiV,8,5,1,3
2016-09-10,RMFRum1BEeWXrA6ju0fv,2,4,0,1
2016-09-11,7A1yFTaREeWWBQrVFXqd,2,1,1,0
2016-09-11,GdeNrll1EeSROyIACtiV,8,5,1,3
2016-09-11,RMFRum1BEeWXrA6ju0fv,1,3,0,1
2016-09-12,7A1yFTaREeWWBQrVFXqd,1,2,0,0
2016-09-12,GdeNrll1EeSROyIACtiV,8,4,1,4
2016-09-12,RMFRum1BEeWXrA6ju0fv,0,3,0,0
2016-09-13,7A1yFTaREeWWBQrVFXqd,1,3,0,0
2016-09-13,GdeNrll1EeSROyIACtiV,7,5,1,4
2016-09-13,RMFRum1BEeWXrA6ju0fv,0,3,0,0
2016-09-14,7A1yFTaREeWWBQrVFXqd,1,3,0,0
2016-09-14,GdeNrll1EeSROyIACtiV,6,6,2,2
2016-09-14,RMFRum1BEeWXrA6ju0fv,0,3,0,0
2016-09-15,7A1yFTaREeWWBQrVFXqd,1,3,0,0
2016-09-15,GdeNrll1EeSROyIACtiV,6,7,2,2
2016-09-15,RMFRum1BEeWXrA6ju0fv,0,2,0,0
2016-09-16,7A1yFTaREeWWBQrVFXqd,1,3,0,0
2016-09-16,GdeNrll1EeSROyIACtiV,5,7,1,3
2016-09-16,RMFRum1BEeWXrA6ju0fv,0,2,0,0
2016-09-17,7A1yFTaREeWWBQrVFXqd,1,2,0,0
2016-09-17,GdeNrll1EeSROyIACtiV,5,8,1,2
2016-09-17,RMFRum1BEeWXrA6ju0fv,0,2,0,0
2016-09-18,7A1yFTaREeWWBQrVFXqd,1,2,0,0
2016-09-18,GdeNrll1EeSROyIACtiV,7,8,2,3
2016-09-18,RMFRum1BEeWXrA6ju0fv,0,1,0,0
2016-09-19,7A1yFTaREeWWBQrVFXqd,1,1,0,0
2016-09-19,GdeNrll1EeSROyIACtiV,6,8,2,2
2016-09-19,RMFRum1BEeWXrA6ju0fv,0,0,0,0
2016-09-20,7A1yFTaREeWWBQrVFXqd,1,1,0,0
2016-09-20,GdeNrll1EeSROyIACtiV,6,7,2,2
2016-09-20,RMFRum1BEeWXrA6ju0fv,0,0,0,0
2016-09-21,7A1yFTaREeWWBQrVFXqd,1,1,0,0
2016-09-21,GdeNrll1EeSROyIACtiV,4,6,1,2
2016-09-21,RMFRum1BEeWXrA6ju0fv,0,0,0,0
2016-09-22,7A1yFTaREeWWBQrVFXqd,2,1,0,0
2016-09-22,GdeNrll1EeSROyIACtiV,5,6,1,2
2016-09-22,RMFRum1BEeWXrA6ju0fv,0,0,0,0
2016-09-23,7A1yFTaREeWWBQrVFXqd,2,1,0,0
2016-09-23,GdeNrll1EeSROyIACtiV,4,5,1,1
2016-09-23,RMFRum1BEeWXrA6ju0fv,0,0,0,0
2016-09-24,7A1yFTaREeWWBQrVFXqd,2,1,0,0
2016-09-24,GdeNrll1EeSROyIACtiV,4,5,1,1
2016-09-24,RMFRum1BEeWXrA6ju0fv,0,0,0,0
2016-09-25,7A1yFTaREeWWBQrVFXqd,2,1,0,0
2016-09-25,GdeNrll1EeSROyIACtiV,2,7,0,0
2016-09-25,RMFRum1BEeWXrA6ju0fv,0,0,0,0
2016-09-26,7A1yFTaREeWWBQrVFXqd,2,1,0,0
2016-09-26,GdeNrll1EeSROyIACtiV,2,6,0,0
2016-09-26,RMFRum1BEeWXrA6ju0fv,0,0,0,0
2016-09-27,7A1yFTaREeWWBQrVFXqd,3,1,0,0
2016-09-27,GdeNrll1EeSROyIACtiV,2,6,0,0
2016-09-27,RMFRum1BEeWXrA6ju0fv,3,0,1,1
2016-09-28,7A1yFTaREeWWBQrVFXqd,3,1,0,0
2016-09-28,GdeNrll1EeSROyIACtiV,2,4,0,0
2016-09-28,RMFRum1BEeWXrA6ju0fv,3,0,1,1
2016-09-29,7A1yFTaREeWWBQrVFXqd,2,2,0,0
2016-09-29,GdeNrll1EeSROyIACtiV,1,5,0,0
2016-09-29,RMFRum1BEeWXrA6ju0fv,3,0,1,1
2016-09-30,7A1yFTaREeWWBQrVFXqd,3,2,0,1
2016-09-30,GdeNrll1EeSROyIACtiV,1,4,0,0
2016-09-30,RMFRum1BEeWXrA6ju0fv,4,0,1,1
2016-10-01,7A1yFTaREeWWBQrVFXqd,3,2,0,1
2016-10-01,GdeNrll1EeSROyIACtiV,1,4,0,0
2016-10-01,RMFRum1BEeWXrA6ju0fv,4,0,1,1
2016-10-02,7A1yFTaREeWWBQrVFXqd,3,2,0,1
2016-10-02,GdeNrll1EeSROyIACtiV,1,2,0,0
2016-10-02,RMFRum1BEeWXrA6ju0fv,4,0,1,1
2016-10-03,7A1yFTaREeWWBQrVFXqd,3,2,0,1
2016-10-03,GdeNrll1EeSROyIACtiV,1,2,0,0
2016-10-03,RMFRum1BEeWXrA6ju0fv,4,0,1,1
2016-10-04,7A1yFTaREeWWBQrVFXqd,2,3,0,1
2016-10-04,GdeNrll1EeSROyIACtiV,2,2,0,1
2016-10-04,RMFRum1BEeWXrA6ju0fv,2,3,0,0
2016-10-05,7A1yFTaREeWWBQrVFXqd,2,3,0,1
2016-10-05,GdeNrll1EeSROyIACtiV,2,2,0,1
2016-10-05,RMFRum1BEeWXrA6ju0fv,1,3,0,0
2016-10-06,7A1yFTaREeWWBQrVFXqd,2,2,0,1
2016-10-06,GdeNrll1EeSROyIACtiV,2,1,0,1
2016-10-06,RMFRum1BEeWXrA6ju0fv,1,3,0,0
2016-10-07,7A1yFTaREeWWBQrVFXqd,2,3,0,0
2016-10-07,GdeNrll1EeSROyIACtiV,2,1,0,1
2016-10-07,RMFRum1BEeWXrA6ju0fv,0,4,0,0
2016-10-08,7A1yFTaREeWWBQrVFXqd,2,3,0,0
2016-10-08,GdeNrll1EeSROyIACtiV,2,1,0,1
2016-10-08,RMFRum1BEeWXrA6ju0fv,0,4,0,0
2016-10-09,7A1yFTaREeWWBQrVFXqd,2,3,0,0
2016-10-09,GdeNrll1EeSROyIACtiV,2,1,0,1
2016-10-09,RMFRum1BEeWXrA6ju0fv,0,4,0,0
2016-10-10,7A1yFTaREeWWBQrVFXqd,1,3,0,0
2016-10-10,GdeNrll1EeSROyIACtiV,2,1,0,1
2016-10-10,RMFRum1BEeWXrA6ju0fv,1,4,1,0
2016-10-11,7A1yFTaREeWWBQrVFXqd,0,2,0,0
2016-10-11,GdeNrll1EeSROyIACtiV,2,2,0,0
2016-10-11,RMFRum1BEeWXrA6ju0fv,1,2,1,0
2016-10-12,7A1yFTaREeWWBQrVFXqd,0,2,0,0
2016-10-12,GdeNrll1EeSROyIACtiV,2,2,0,0
2016-10-12,RMFRum1BEeWXrA6ju0fv,2,1,1,0
2016-10-13,7A1yFTaREeWWBQrVFXqd,0,2,0,0
2016-10-13,GdeNrll1EeSROyIACtiV,2,2,0,0
2016-10-13,RMFRum1BEeWXrA6ju0fv,2,1,1,0
2016-10-14,7A1yFTaREeWWBQrVFXqd,0,2,0,0
2016-10-14,GdeNrll1EeSROyIACtiV,1,2,0,0
2016-10-14,RMFRum1BEeWXrA6ju0fv,2,0,1,0
2016-10-15,7A1yFTaREeWWBQrVFXqd,0,2,0,0
2016-10-15,GdeNrll1EeSROyIACtiV,0,2,0,0
2016-10-15,RMFRum1BEeWXrA6ju0fv,2,0,1,0
2016-10-16,7A1yFTaREeWWBQrVFXqd,0,2,0,0
2016-10-16,GdeNrll1EeSROyIACtiV,0,2,0,0
2016-10-16,RMFRum1BEeWXrA6ju0fv,2,0,1,0
2016-10-17,7A1yFTaREeWWBQrVFXqd,0,1,0,0
2016-10-17,GdeNrll1EeSROyIACtiV,0,2,0,0
2016-10-17,RMFRum1BEeWXrA6ju0fv,1,1,0,0
2016-10-18,7A1yFTaREeWWBQrVFXqd,0,0,0,0
2016-10-18,GdeNrll1EeSROyIACtiV,0,2,0,0
2016-10-18,RMFRum1BEeWXrA6ju0fv,2,1,1,0
2016-10-19,7A1yFTaREeWWBQrVFXqd,1,0,0,0
2016-10-19,GdeNrll1EeSROyIACtiV,1,2,0,0
2016-10-19,RMFRum1BEeWXrA6ju0fv,1,2,1,0
2016-10-20,7A1yFTaREeWWBQrVFXqd,1,0,0,0
2016-10-20,GdeNrll1EeSROyIACtiV,1,2,0,0
2016-10-20,RMFRum1BEeWXrA6ju0fv,1,2,1,0
2016-10-21,7A1yFTaREeWWBQrVFXqd,3,0,0,2
2016-10-21,GdeNrll1EeSROyIACtiV,1,1,0,0
2016-10-21,RMFRum1BEeWXrA6ju0fv,1,2,1,0
2016-10-22,7A1yFTaREeWWBQrVFXqd,3,0,0,2
2016-10-22,GdeNrll1EeSROyIACtiV,1,0,0,0
2016-10-22,RMFRum1BEeWXrA6ju0fv,1,2,1,0
2016-10-23,7A1yFTaREeWWBQrVFXqd,3,0,0,2
2016-10-23,GdeNrll1EeSROyIACtiV,2,0,0,0
2016-10-23,RMFRum1BEeWXrA6ju0fv,1,2,1,0
2016-10-24,7A1yFTaREeWWBQrVFXqd,4,0,0,2
2016-10-24,GdeNrll1EeSROyIACtiV,2,0,0,0
2016-10-24,RMFRum1BEeWXrA6ju0fv,2,1,1,0
2016-10-25,7A1yFTaREeWWBQrVFXqd,5,0,0,3
2016-10-25,GdeNrll1EeSROyIACtiV,3,0,1,0
2016-10-25,RMFRum1BEeWXrA6ju0fv,2,2,0,0
2016-10-26,7A1yFTaREeWWBQrVFXqd,6,1,0,4
2016-10-26,GdeNrll1EeSROyIACtiV,4,1,2,0
2016-10-26,RMFRum1BEeWXrA6ju0fv,2,1,0,1
2016-10-27,7A1yFTaREeWWBQrVFXqd,6,1,0,4
2016-10-27,GdeNrll1EeSROyIACtiV,4,1,2,0
2016-10-27,RMFRum1BEeWXrA6ju0fv,2,1,0,1
2016-10-28,7A1yFTaREeWWBQrVFXqd,4,3,0,2
2016-10-28,GdeNrll1EeSROyIACtiV,4,1,2,0
2016-10-28,RMFRum1BEeWXrA6ju0fv,2,1,0,1
2016-10-29,7A1yFTaREeWWBQrVFXqd,4,3,0,2
2016-10-29,GdeNrll1EeSROyIACtiV,4,1,2,0
2016-10-29,RMFRum1BEeWXrA6ju0fv,3,1,0,1
2016-10-30,7A1yFTaREeWWBQrVFXqd,4,3,0,2
2016-10-30,GdeNrll1EeSROyIACtiV,3,2,2,0
2016-10-30,RMFRum1BEeWXrA6ju0fv,3,1,0,1
2016-10-31,7A1yFTaREeWWBQrVFXqd,3,4,0,2
2016-10-31,GdeNrll1EeSROyIACtiV,4,2,2,0
2016-10-31,RMFRum1BEeWXrA6ju0fv,4,2,0,2
2016-11-01,7A1yFTaREeWWBQrVFXqd,2,5,0,1
2016-11-01,GdeNrll1EeSROyIACtiV,3,3,2,0
2016-11-01,RMFRum1BEeWXrA6ju0fv,3,2,0,2
2016-11-02,7A1yFTaREeWWBQrVFXqd,0,6,0,0
2016-11-02,GdeNrll1EeSROyIACtiV,3,4,1,0
2016-11-02,RMFRum1BEeWXrA6ju0fv,3,2,0,1
2016-11-03,7A1yFTaREeWWBQrVFXqd,0,6,0,0
2016-11-03,GdeNrll1EeSROyIACtiV,3,4,1,0
2016-11-03,RMFRum1BEeWXrA6ju0fv,3,2,0,1
2016-11-04,7A1yFTaREeWWBQrVFXqd,0,4,0,0
2016-11-04,GdeNrll1EeSROyIACtiV,3,4,1,0
2016-11-04,RMFRum1BEeWXrA6ju0fv,3,2,0,1
2016-11-05,7A1yFTaREeWWBQrVFXqd,0,4,0,0
2016-11-05,GdeNrll1EeSROyIACtiV,3,4,1,0
2016-11-05,RMFRum1BEeWXrA6ju0fv,2,3,0,1
2016-11-06,7A1yFTaREeWWBQrVFXqd,1,4,1,0
2016-11-06,GdeNrll1EeSROyIACtiV,3,3,1,0
2016-11-06,RMFRum1BEeWXrA6ju0fv,2,3,0,1
2016-11-07,7A1yFTaREeWWBQrVFXqd,1,3,1,0
2016-11-07,GdeNrll1EeSROyIACtiV,2,4,1,0
2016-11-07,RMFRum1BEeWXrA6ju0fv,2,4,0,0
2016-11-08,7A1yFTaREeWWBQrVFXqd,1,2,1,0
2016-11-08,GdeNrll1EeSROyIACtiV,2,3,1,0
2016-11-08,RMFRum1BEeWXrA6ju0fv,1,3,0,1
2016-11-09,7A1yFTaREeWWBQrVFXqd,1,0,1,0
2016-11-09,GdeNrll1EeSROyIACtiV,0,3,0,0
2016-11-09,RMFRum1BEeWXrA6ju0fv,1,3,0,1
2016-11-10,7A1yFTaREeWWBQrVFXqd,2,0,1,1
2016-11-10,GdeNrll1EeSROyIACtiV,0,3,0,0
2016-11-10,RMFRum1BEeWXrA6ju0fv,2,3,0,1
2016-11-11,7A1yFTaREeWWBQrVFXqd,2,0,1,1
2016-11-11,GdeNrll1EeSROyIACtiV,1,3,0,1
2016-11-11,RMFRum1BEeWXrA6ju0fv,2,3,0,1
2016-11-12,7A1yFTaREeWWBQrVFXqd,2,0,1,1
2016-11-12,GdeNrll1EeSROyIACtiV,2,3,0,2
2016-11-12,RMFRum1BEeWXrA6ju0fv,2,2,0,1
2016-11-13,7A1yFTaREeWWBQrVFXqd,2,1,0,2
2016-11-13,GdeNrll1EeSROyIACtiV,2,3,0,2
2016-11-13,RMFRum1BEeWXrA6ju0fv,2,2,0,1
2016-11-14,7A1yFTaREeWWBQrVFXqd,2,1,0,2
2016-11-14,GdeNrll1EeSROyIACtiV,2,2,0,2
2016-11-14,RMFRum1BEeWXrA6ju0fv,3,2,0,2
2016-11-15,7A1yFTaREeWWBQrVFXqd,3,1,0,2
2016-11-15,GdeNrll1EeSROyIACtiV,2,2,0,2
2016-11-15,RMFRum1BEeWXrA6ju0fv,5,1,0,2
2016-11-16,7A1yFTaREeWWBQrVFXqd,4,1,0,2
2016-11-16,GdeNrll1EeSROyIACtiV,2,0,0,2
2016-11-16,RMFRum1BEeWXrA6ju0fv,5,1,0,2
2016-11-17,7A1yFTaREeWWBQrVFXqd,4,2,0,1
2016-11-17,GdeNrll1EeSROyIACtiV,2,0,0,2
2016-11-17,RMFRum1BEeWXrA6ju0fv,4,2,0,3
2016-11-18,7A1yFTaREeWWBQrVFXqd,4,2,0,1
2016-11-18,GdeNrll1EeSROyIACtiV,2,1,0,1
2016-11-18,RMFRum1BEeWXrA6ju0fv,4,2,0,3
2016-11-19,7A1yFTaREeWWBQrVFXqd,5,2,1,1
2016-11-19,GdeNrll1EeSROyIACtiV,1,2,0,0
2016-11-19,RMFRum1BEeWXrA6ju0fv,5,2,0,3
2016-11-20,7A1yFTaREeWWBQrVFXqd,5,2,1,1
2016-11-20,GdeNrll1EeSROyIACtiV,1,2,0,0
2016-11-20,RMFRum1BEeWXrA6ju0fv,5,2,0,3
2016-11-21,7A1yFTaREeWWBQrVFXqd,6,2,2,1
2016-11-21,GdeNrll1EeSROyIACtiV,1,2,0,0
2016-11-21,RMFRum1BEeWXrA6ju0fv,5,3,0,2
2016-11-22,7A1yFTaREeWWBQrVFXqd,4,3,2,1
2016-11-22,GdeNrll1EeSROyIACtiV,1,2,0,1
2016-11-22,RMFRum1BEeWXrA6ju0fv,5,5,0,1
2016-11-23,7A1yFTaREeWWBQrVFXqd,3,4,2,1
2016-11-23,GdeNrll1EeSROyIACtiV,1,2,0,1
2016-11-23,RMFRum1BEeWXrA6ju0fv,5,5,0,2
2016-11-24,7A1yFTaREeWWBQrVFXqd,3,4,2,1
2016-11-24,GdeNrll1EeSROyIACtiV,1,2,0,1
2016-11-24,RMFRum1BEeWXrA6ju0fv,3,4,0,1
2016-11-25,7A1yFTaREeWWBQrVFXqd,3,4,2,1
2016-11-25,GdeNrll1EeSROyIACtiV,1,2,0,1
2016-11-25,RMFRum1BEeWXrA6ju0fv,2,4,0,1
2016-11-26,7A1yFTaREeWWBQrVFXqd,2,5,1,1
2016-11-26,GdeNrll1EeSROyIACtiV,2,1,0,1
2016-11-26,RMFRum1BEeWXrA6ju0fv,2,5,0,1
2016-11-27,7A1yFTaREeWWBQrVFXqd,1,5,1,0
2016-11-27,GdeNrll1EeSROyIACtiV,2,1,0,2
2016-11-27,RMFRum1BEeWXrA6ju0fv,2,5,0,1
2016-11-28,7A1yFTaREeWWBQrVFXqd,2,6,0,2
2016-11-28,GdeNrll1EeSROyIACtiV,2,1,0,2
2016-11-28,RMFRum1BEeWXrA6ju0fv,4,5,0,2
2016-11-29,7A1yFTaREeWWBQrVFXqd,2,4,0,2
2016-11-29,GdeNrll1EeSROyIACtiV,2,1,0,1
2016-11-29,RMFRum1BEeWXrA6ju0fv,5,5,0,2
2016-11-30,7A1yFTaREeWWBQrVFXqd,2,3,0,2
2016-11-30,GdeNrll1EeSROyIACtiV,3,1,0,1
2016-11-30,RMFRum1BEeWXrA6ju0fv,5,5,0,1
2016-12-01,7A1yFTaREeWWBQrVFXqd,2,3,0,2
2016-12-01,GdeNrll1EeSROyIACtiV,3,1,0,1
2016-12-01,RMFRum1BEeWXrA6ju0fv,5,3,0,1
2016-12-02,7A1yFTaREeWWBQrVFXqd,2,3,0,2
2016-12-02,GdeNrll1EeSROyIACtiV,4,1,0,1
2016-12-02,RMFRum1BEeWXrA6ju0fv,5,2,0,1
2016-12-03,7A1yFTaREeWWBQrVFXqd,3,2,0,2
2016-12-03,GdeNrll1EeSROyIACtiV,5,2,1,1
2016-12-03,RMFRum1BEeWXrA6ju0fv,4,2,0,1
2016-12-04,7A1yFTaREeWWBQrVFXqd,3,1,0,2
2016-12-04,GdeNrll1EeSROyIACtiV,5,2,1,0
2016-12-04,RMFRum1BEeWXrA6ju0fv,5,2,1,1
2016-12-05,7A1yFTaREeWWBQrVFXqd,2,2,0,0
2016-12-05,GdeNrll1EeSROyIACtiV,5,2,1,0
2016-12-05,RMFRum1BEeWXrA6ju0fv,4,4,1,0
2016-12-06,7A1yFTaREeWWBQrVFXqd,2,2,0,0
2016-12-06,GdeNrll1EeSROyIACtiV,5,2,1,0
2016-12-06,RMFRum1BEeWXrA6ju0fv,5,5,1,0
2016-12-07,7A1yFTaREeWWBQrVFXqd,4,2,1,1
2016-12-07,GdeNrll1EeSROyIACtiV,4,3,1,0
2016-12-07,RMFRum1BEeWXrA6ju0fv,7,5,1,0
2016-12-08,7A1yFTaREeWWBQrVFXqd,4,2,1,1
2016-12-08,GdeNrll1EeSROyIACtiV,5,3,1,1
2016-12-08,RMFRum1BEeWXrA6ju0fv,8,5,2,0
2016-12-09,7A1yFTaREeWWBQrVFXqd,4,2,1,1
2016-12-09,GdeNrll1EeSROyIACtiV,4,4,1,1
2016-12-09,RMFRum1BEeWXrA6ju0fv,7,5,2,1
2016-12-10,7A1yFTaREeWWBQrVFXqd,4,3,1,1
2016-12-10,GdeNrll1EeSROyIACtiV,3,5,0,1
2016-12-10,RMFRum1BEeWXrA6ju0fv,7,4,2,1
2016-12-11,7A1yFTaREeWWBQrVFXqd,4,3,1,1
2016-12-11,GdeNrll1EeSROyIACtiV,3,5,0,1
2016-12-11,RMFRum1BEeWXrA6ju0fv,6,5,1,1
2016-12-12,7A1yFTaREeWWBQrVFXqd,4,2,1,1
2016-12-12,GdeNrll1EeSROyIACtiV,2,5,0,1
2016-12-12,RMFRum1BEeWXrA6ju0fv,6,4,1,1
2016-12-13,7A1yFTaREeWWBQrVFXqd,4,2,1,1
2016-12-13,GdeNrll1EeSROyIACtiV,2,5,0,1
2016-12-13,RMFRum1BEeWXrA6ju0fv,6,5,1,1
2016-12-14,7A1yFTaREeWWBQrVFXqd,2,4,0,0
2016-12-14,GdeNrll1EeSROyIACtiV,2,4,0,1
2016-12-14,RMFRum1BEeWXrA6ju0fv,4,7,1,1
2016-12-15,7A1yFTaREeWWBQrVFXqd,2,4,0,0
2016-12-15,GdeNrll1EeSROyIACtiV,2,5,0,0
2016-12-15,RMFRum1BEeWXrA6ju0fv,2,8,0,1
2016-12-16,7A1yFTaREeWWBQrVFXqd,2,4,0,0
2016-12-16,GdeNrll1EeSROyIACtiV,1,4,0,0
2016-12-16,RMFRum1BEeWXrA6ju0fv,2,7,0,0
2016-12-17,7A1yFTaREeWWBQrVFXqd,2,4,0,0
2016-12-17,GdeNrll1EeSROyIACtiV,1,3,0,0
2016-12-17,RMFRum1BEeWXrA6ju0fv,3,7,1,0
2016-12-18,7A1yFTaREeWWBQrVFXqd,2,4,0,0
2016-12-18,GdeNrll1EeSROyIACtiV,1,3,0,0
2016-12-18,RMFRum1BEeWXrA6ju0fv,3,6,1,0
2016-12-19,7A1yFTaREeWWBQrVFXqd,2,4,0,0
2016-12-19,GdeNrll1EeSROyIACtiV,1,2,0,0
2016-12-19,RMFRum1BEeWXrA6ju0fv,4,6,1,0
2016-12-20,7A1yFTaREeWWBQrVFXqd,3,4,0,0
2016-12-20,GdeNrll1EeSROyIACtiV,1,2,0,0
2016-12-20,RMFRum1BEeWXrA6ju0fv,4,6,1,0
2016-12-21,7A1yFTaREeWWBQrVFXqd,3,2,0,0
2016-12-21,GdeNrll1EeSROyIACtiV,1,2,0,0
2016-12-21,RMFRum1BEeWXrA6ju0fv,5,4,1,0
2016-12-22,7A1yFTaREeWWBQrVFXqd,4,2,0,1
2016-12-22,GdeNrll1EeSROyIACtiV,1,2,0,0
2016-12-22,RMFRum1BEeWXrA6ju0fv,5,2,1,0
2016-12-23,7A1yFTaREeWWBQrVFXqd,4,2,0,1
2016-12-23,GdeNrll1EeSROyIACtiV,1,1,0,0
2016-12-23,RMFRum1BEeWXrA6ju0fv,4,2,1,0
2016-12-24,7A1yFTaREeWWBQrVFXqd,4,2,0,2
2016-12-24,GdeNrll1EeSROyIACtiV,2,1,0,0
2016-12-24,RMFRum1BEeWXrA6ju0fv,3,3,0,0
2016-12-25,7A1yFTaREeWWBQrVFXqd,5,2,0,2
2016-12-25,GdeNrll1EeSROyIACtiV,2,1,0,0
2016-12-25,RMFRum1BEeWXrA6ju0fv,2,3,0,0
2016-12-26,7A1yFTaREeWWBQrVFXqd,5,2,0,2
2016-12-26,GdeNrll1EeSROyIACtiV,2,1,0,0
2016-12-26,RMFRum1BEeWXrA6ju0fv,2,4,0,0
2016-12-27,7A1yFTaREeWWBQrVFXqd,4,3,0,2
2016-12-27,GdeNrll1EeSROyIACtiV,1,1,0,0
2016-12-27,RMFRum1BEeWXrA6ju0fv,2,4,0,0
2016-12-28,7A1yFTaREeWWBQrVFXqd,4,3,0,2
2016-12-28,GdeNrll1EeSROyIACtiV,2,1,0,0
2016-12-28,RMFRum1BEeWXrA6ju0fv,2,5,0,0
2016-12-29,7A1yFTaREeWWBQrVFXqd,3,4,0,1
2016-12-29,GdeNrll1EeSROyIACtiV,2,1,0,0
2016-12-29,RMFRum1BEeWXrA6ju0fv,2,5,0,0
2016-12-30,7A1yFTaREeWWBQrVFXqd,3,4,0,2
2016-12-30,GdeNrll1EeSROyIACtiV,2,1,0,0
2016-12-30,RMFRum1BEeWXrA6ju0fv,2,4,0,0
2016-12-31,7A1yFTaREeWWBQrVFXqd,2,4,0,1
2016-12-31,GdeNrll1EeSROyIACtiV,1,2,0,0
2016-12-31,RMFRum1BEeWXrA6ju0fv,2,3,0,0
